{
  "common": {
    "home": "Home",
    "pujas": "Pujas",
    "aartis": "Aartis",
    "mantras": "Mantras",
    "temples": "Temples",
    "blog": "Blog",
    "about": "About Us",
    "contact": "Contact",
    "login": "Login",
    "register": "Register",
    "viewAll": "View All",
    "bookNow": "Book Now",
    "viewDetails": "View Details",
    "closingSoon": "Closing Soon",
    "search": "Search",
    "downloadApp": "Download App"
  },
  "home": {
    "hero": {
      "title": "Baglamukhi Pujan",
      "subtitle": "A Devotional Platform connecting Devotees with Temples and Tirth Kshetras",
      "cta": "Book a Puja"
    },
    "trusted": {
      "title": "Trusted by Millions of Devotees",
      "description": "Enabled LIVE Pujas for 1,000,000+ Happy Devotees by partnering with 1000+ Temples and 3000+ Vedic Pandits of Bharat"
    },
    "features": {
      "title": "Our Services",
      "pujas": {
        "title": "Pujas",
        "description": "Book online pujas anytime, anywhere and get prasad delivered to your home."
      },
      "aartis": {
        "title": "Aartis",
        "description": "Watch and listen to divine aartis from various temples across India."
      },
      "mantras": {
        "title": "Mantras",
        "description": "Learn and chant powerful mantras for spiritual growth and divine blessings."
      }
    },
    "upcomingPujas": "Upcoming Pujas",
    "upcomingPujasDescription": "Book Pujas in your and your family's name at renowned temples in India. Receive divine blessings along with a special video of the sacred rituals and tirth prasad."
  },
  "puja": {
    "details": "Details",
    "requirements": "Requirements",
    "benefits": "Benefits",
    "aboutTemple": "About the Temple",
    "bookYourPuja": "Book Your Puja",
    "priceNote": "Price includes all materials required for the puja. Shipping charges may apply for prasad delivery."
  },
  "aarti": {
    "listen": "Listen",
    "lyrics": "Lyrics",
    "meaning": "Meaning",
    "download": "Download"
  },
  "mantra": {
    "chant": "Chant",
    "meaning": "Meaning",
    "benefits": "Benefits",
    "howToChant": "How to Chant"
  },
  "about": {
    "ourStory": "Our Story",
    "mission": "Our Mission",
    "vision": "Our Vision",
    "team": "Our Team"
  },
  "contact": {
    "getInTouch": "Get in Touch",
    "address": "Address",
    "phone": "Phone",
    "email": "Email",
    "sendMessage": "Send Message"
  },
  "user": {
    "dashboard": "Dashboard",
    "myBookings": "My Bookings",
    "profile": "Profile",
    "settings": "Settings",
    "logout": "Logout"
  }
}

