{
  "common": {
    "home": "होम",
    "pujas": "पूजाएं",
    "aartis": "आरतियां",
    "mantras": "मंत्र",
    "temples": "मंदिर",
    "blog": "ब्लॉग",
    "about": "हमारे बारे में",
    "contact": "संपर्क करें",
    "login": "लॉगिन",
    "register": "रजिस्टर",
    "viewAll": "सभी देखें",
    "bookNow": "अभी बुक करें",
    "viewDetails": "विवरण देखें",
    "closingSoon": "जल्द समाप्त होगा",
    "search": "खोजें",
    "downloadApp": "ऐप डाउनलोड करें"
  },
  "home": {
    "hero": {
      "title": "बगलामुखी पूजन",
      "subtitle": "एक भक्ति प्लेटफॉर्म जो भक्तों को मंदिरों और तीर्थ क्षेत्रों से जोड़ता है",
      "cta": "पूजा बुक करें"
    },
    "trusted": {
      "title": "लाखों भक्तों द्वारा विश्वसनीय",
      "description": "1000+ मंदिरों और 3000+ वैदिक पंडितों के साथ साझेदारी करके 1,000,000+ से अधिक खुश भक्तों के लिए लाइव पूजा सक्षम की"
    },
    "features": {
      "title": "हमारी सेवाएं",
      "pujas": {
        "title": "पूजाएं",
        "description": "कभी भी, कहीं भी ऑनलाइन पूजा बुक करें और प्रसाद अपने घर पर प्राप्त करें।"
      },
      "aartis": {
        "title": "आरतियां",
        "description": "भारत भर के विभिन्न मंदिरों से दिव्य आरतियां देखें और सुनें।"
      },
      "mantras": {
        "title": "मंत्र",
        "description": "आध्यात्मिक विकास और दिव्य आशीर्वाद के लिए शक्तिशाली मंत्रों को सीखें और जपें।"
      }
    },
    "upcomingPujas": "आगामी पूजाएं",
    "upcomingPujasDescription": "भारत के प्रसिद्ध मंदिरों में अपने और अपने परिवार के नाम से पूजा बुक करें। पवित्र अनुष्ठानों और तीर्थ प्रसाद के विशेष वीडियो के साथ दिव्य आशीर्वाद प्राप्त करें।"
  },
  "puja": {
    "details": "विवरण",
    "requirements": "आवश्यकताएं",
    "benefits": "लाभ",
    "aboutTemple": "मंदिर के बारे में",
    "bookYourPuja": "अपनी पूजा बुक करें",
    "priceNote": "कीमत में पूजा के लिए आवश्यक सभी सामग्री शामिल है। प्रसाद वितरण के लिए शिपिंग शुल्क लागू हो सकता है।"
  },
  "aarti": {
    "listen": "सुनें",
    "lyrics": "बोल",
    "meaning": "अर्थ",
    "download": "डाउनलोड करें"
  },
  "mantra": {
    "chant": "जाप",
    "meaning": "अर्थ",
    "benefits": "लाभ",
    "howToChant": "जाप कैसे करें"
  },
  "about": {
    "ourStory": "हमारी कहानी",
    "mission": "हमारा मिशन",
    "vision": "हमारा विजन",
    "team": "हमारी टीम"
  },
  "contact": {
    "getInTouch": "संपर्क करें",
    "address": "पता",
    "phone": "फोन",
    "email": "ईमेल",
    "sendMessage": "संदेश भेजें"
  },
  "user": {
    "dashboard": "डैशबोर्ड",
    "myBookings": "मेरी बुकिंग",
    "profile": "प्रोफाइल",
    "settings": "सेटिंग्स",
    "logout": "लॉगआउट"
  }
}

