{
  "common": {
    "home": "मुख्यपृष्ठम्",
    "pujas": "पूजाः",
    "aartis": "आरतयः",
    "mantras": "मन्त्राः",
    "temples": "मन्दिराणि",
    "blog": "ब्लॉगः",
    "about": "अस्माकं विषये",
    "contact": "सम्पर्कः",
    "login": "प्रवेशः",
    "register": "पञ्जीकरणम्",
    "viewAll": "सर्वं पश्यतु",
    "bookNow": "अधुना आरक्षयतु",
    "viewDetails": "विवरणं पश्यतु",
    "closingSoon": "शीघ्रं समाप्यते",
    "search": "अन्वेषणम्",
    "downloadApp": "अनुप्रयोगं डाउनलोड करोतु"
  },
  "home": {
    "hero": {
      "title": "बगलामुखी पूजनम्",
      "subtitle": "भक्तान् मन्दिरैः तीर्थक्षेत्रैः च संयोजयन् भक्तिपूर्णः प्लेटफार्मः",
      "cta": "पूजां आरक्षयतु"
    },
    "trusted": {
      "title": "लक्षाधिकैः भक्तैः विश्वसनीयः",
      "description": "1000+ मन्दिरैः 3000+ वैदिकपण्डितैः च सह भागीदारित्वेन 1,000,000+ सन्तुष्टभक्तानां कृते लाइवपूजाः सक्षमीकृताः"
    },
    "features": {
      "title": "अस्माकं सेवाः",
      "pujas": {
        "title": "पूजाः",
        "description": "कदापि कुत्रापि ऑनलाइन पूजाः आरक्षयतु प्रसादं च स्वगृहे प्राप्नोतु।"
      },
      "aartis": {
        "title": "आरतयः",
        "description": "भारतस्य विविधमन्दिरेभ्यः दिव्यारतीः पश्यतु श्रृणोतु च।"
      },
      "mantras": {
        "title": "मन्त्राः",
        "description": "आध्यात्मिकविकासाय दिव्याशीर्वादाय च शक्तिशालिनः मन्त्रान् शिक्षतां जपतु च।"
      }
    },
    "upcomingPujas": "आगामिपूजाः",
    "upcomingPujasDescription": "भारतस्य प्रसिद्धमन्दिरेषु स्वस्य स्वपरिवारस्य च नाम्ना पूजाः आरक्षयतु। पवित्रानुष्ठानानां तीर्थप्रसादस्य च विशेषवीडियो सह दिव्याशीर्वादं प्राप्नोतु।"
  },
  "puja": {
    "details": "विवरणम्",
    "requirements": "आवश्यकतानि",
    "benefits": "लाभाः",
    "aboutTemple": "मन्दिरस्य विषये",
    "bookYourPuja": "भवतः पूजां आरक्षयतु",
    "priceNote": "मूल्ये पूजायाः सर्वाणि सामग्रीणि सम्मिलितानि सन्ति। प्रसादस्य वितरणाय शिपिंग शुल्कं लागू भवितुं शक्नोति।"
  },
  "aarti": {
    "listen": "श्रवणम्",
    "lyrics": "शब्दाः",
    "meaning": "अर्थः",
    "download": "डाउनलोड करोतु"
  },
  "mantra": {
    "chant": "जपः",
    "meaning": "अर्थः",
    "benefits": "लाभाः",
    "howToChant": "कथं जपेत्"
  },
  "about": {
    "ourStory": "अस्माकं कथा",
    "mission": "अस्माकं लक्ष्यम्",
    "vision": "अस्माकं दृष्टिः",
    "team": "अस्माकं दलम्"
  },
  "contact": {
    "getInTouch": "सम्पर्कं करोतु",
    "address": "पता",
    "phone": "दूरभाषः",
    "email": "ईमेल",
    "sendMessage": "सन्देशं प्रेषयतु"
  },
  "user": {
    "dashboard": "डैशबोर्ड",
    "myBookings": "मम आरक्षणानि",
    "profile": "प्रोफाइल",
    "settings": "सेटिंग्स",
    "logout": "निर्गमनम्"
  }
}

